{
  "analyzed_at": "2025-11-09T10:35:09.266132",
  "last_n": 20,
  "weight_window": 10,
  "include_power_play": true,
  "white_counts": {
    "10": 1.518241061053375,
    "13": 1.1446706822165476,
    "28": 5.1480775385372235,
    "34": 0.44870585766790516,
    "47": 0.9418997855511182,
    "14": 1.428221048631226,
    "32": 2.5402235363242447,
    "52": 0.33059777644317306,
    "64": 4.792350458794049,
    "16": 2.8407840515735474,
    "18": 0.3653670481054693,
    "20": 0.3653670481054693,
    "27": 1.8713381076664801,
    "8": 4.221388415091349,
    "44": 2.0412545421452744,
    "48": 0.40379303598931077,
    "54": 1.3969636435721298,
    "29": 4.374302063825018,
    "66": 2.010660415927462,
    "67": 1.8381121764145156,
    "3": 5.02854880273794,
    "7": 1.486364535466032,
    "68": 0.493193927883213,
    "17": 0.8175953791020378,
    "22": 0.8175953791020378,
    "55": 0.8175953791020378,
    "1": 1.5059710595610107,
    "60": 1.5059710595610107,
    "65": 1.5059710595610107,
    "61": 4.112878509624042,
    "15": 3.0999195239368227,
    "31": 1.103638323514327,
    "45": 2.4442784155856057,
    "49": 2.2012615957023796,
    "53": 8.879794397056026,
    "42": 3.5303935708351166,
    "46": 1.2197089792217972,
    "59": 1.2197089792217972,
    "30": 0.993170607582819,
    "50": 2.206231927008086,
    "62": 2.6306321137387827,
    "37": 1.2130613194252668,
    "2": 1.3406400920712787,
    "24": 1.3406400920712787,
    "26": 2.2224546620451537,
    "41": 2.2224546620451537,
    "11": 1.6374615061559636,
    "23": 4.637461506155963,
    "69": 1.809674836071919,
    "25": 3.0,
    "40": 3.0
  },
  "red_counts": {
    "15": 1.6684148368897023,
    "12": 0.33059777644317306,
    "10": 0.3653670481054693,
    "14": 1.2213884150913485,
    "3": 0.44626032029685964,
    "2": 0.493193927883213,
    "16": 1.5059710595610107,
    "4": 1.5644000956306021,
    "19": 2.316699642939594,
    "20": 0.993170607582819,
    "1": 1.0976232721880528,
    "5": 4.340640092071279,
    "9": 2.2224546620451537,
    "17": 1.6374615061559636,
    "22": 1.809674836071919
  }
}