{
  "analyzed_at": "2025-11-19T09:36:37.485254",
  "last_n": 10,
  "weight_window": 5,
  "include_power_play": true,
  "white_counts": {
    "10": 0.714110524315613,
    "29": 0.8356189342572259,
    "33": 0.16529888822158653,
    "41": 0.5331783293930289,
    "59": 0.9840296412995684,
    "7": 0.6512254821118769,
    "9": 0.20189651799465538,
    "14": 1.5694389071666635,
    "45": 0.20189651799465538,
    "49": 0.20189651799465538,
    "18": 0.2465969639416065,
    "47": 0.2465969639416065,
    "51": 0.7954086000356329,
    "53": 0.2465969639416065,
    "58": 0.2465969639416065,
    "4": 0.30119421191220214,
    "17": 1.3011942119122022,
    "35": 0.30119421191220214,
    "50": 0.30119421191220214,
    "57": 0.30119421191220214,
    "13": 0.36787944117144233,
    "27": 0.36787944117144233,
    "37": 2.0381994872070814,
    "54": 1.186610194249424,
    "8": 1.119649010152861,
    "19": 0.44932896411722156,
    "26": 0.44932896411722156,
    "36": 1.4493289641172216,
    "30": 0.5488116360940264,
    "40": 0.5488116360940264,
    "5": 0.6703200460356393,
    "38": 0.6703200460356393,
    "22": 1.8187307530779817,
    "52": 1.8187307530779817
  },
  "red_counts": {
    "15": 0.6146278523388081,
    "23": 0.20189651799465538,
    "30": 0.2465969639416065,
    "12": 0.30119421191220214,
    "32": 0.36787944117144233,
    "1": 0.5488116360940264,
    "34": 0.6703200460356393,
    "4": 0.8187307530779818,
    "24": 1.0
  }
}