{
  "analyzed_at": "2025-11-10T04:15:45.903919",
  "last_n": 20,
  "weight_window": 10,
  "include_power_play": false,
  "white_counts": {
    "8": 1.0922833578990083,
    "10": 0.39616558316424155,
    "44": 0.7560992789352685,
    "48": 1.149568619222635,
    "54": 0.5174480603940774,
    "28": 1.3653360064274898,
    "29": 2.2884149829454894,
    "32": 0.8184655119037921,
    "66": 0.7447669358612725,
    "67": 1.6808534959724009,
    "3": 2.2821653601849654,
    "7": 0.550562965224177,
    "47": 0.18268352405273466,
    "68": 0.18268352405273466,
    "17": 0.20189651799465538,
    "22": 1.0206272710726372,
    "55": 0.20189651799465538,
    "1": 0.22313016014842982,
    "27": 0.22313016014842982,
    "60": 0.22313016014842982,
    "65": 0.22313016014842982,
    "16": 0.9169170099772458,
    "61": 1.523447669689879,
    "15": 1.0119725364726913,
    "31": 0.2725317930340126,
    "45": 0.7691170968254222,
    "49": 0.6791014527746118,
    "53": 2.508075917718388,
    "42": 1.1570928357700228,
    "46": 0.30119421191220214,
    "59": 0.30119421191220214,
    "64": 2.3782680235835154,
    "30": 1.186610194249424,
    "50": 0.8172084052886639,
    "62": 0.9744101008840758,
    "14": 1.4065696597405992,
    "37": 1.354166382153181,
    "2": 0.4965853037914095,
    "24": 0.4965853037914095,
    "26": 0.5488116360940264,
    "41": 0.5488116360940264,
    "11": 0.6065306597126334,
    "23": 1.3473488803943514,
    "69": 0.6703200460356393,
    "25": 0.7408182206817179,
    "40": 0.7408182206817179,
    "18": 1.7235681711139414,
    "21": 1.7235681711139414,
    "58": 0.9048374180359595,
    "51": 1.0
  },
  "red_counts": {
    "14": 0.35146513721729045,
    "3": 0.16529888822158653,
    "2": 0.18268352405273466,
    "16": 0.22313016014842982,
    "4": 0.5794680476396861,
    "19": 0.7218607571512341,
    "15": 0.30119421191220214,
    "20": 0.36787944117144233,
    "1": 0.4065696597405991,
    "5": 1.2374035244731274,
    "9": 0.5488116360940264,
    "17": 0.6065306597126334,
    "22": 0.6703200460356393,
    "6": 0.8187307530779818,
    "13": 0.9048374180359595,
    "18": 1.0
  }
}