{
  "analyzed_at": "2025-11-20T13:00:18.342539",
  "last_n": 10,
  "weight_window": 5,
  "include_power_play": true,
  "white_counts": {
    "7": 0.5331783293930289,
    "9": 0.16529888822158653,
    "14": 1.2849478983744476,
    "45": 0.16529888822158653,
    "49": 2.1652988882215864,
    "18": 0.20189651799465538,
    "47": 0.20189651799465538,
    "51": 2.651225482111877,
    "53": 0.20189651799465538,
    "58": 0.20189651799465538,
    "4": 0.2465969639416065,
    "17": 1.0653277170195883,
    "35": 0.2465969639416065,
    "50": 0.2465969639416065,
    "57": 0.2465969639416065,
    "13": 0.30119421191220214,
    "27": 0.30119421191220214,
    "37": 1.6687366010842104,
    "41": 0.30119421191220214,
    "54": 0.9715142579478415,
    "8": 0.9166910772654687,
    "19": 0.36787944117144233,
    "26": 0.36787944117144233,
    "36": 1.186610194249424,
    "10": 2.4493289641172216,
    "30": 0.44932896411722156,
    "40": 0.44932896411722156,
    "5": 0.5488116360940264,
    "29": 0.5488116360940264,
    "38": 0.5488116360940264,
    "22": 1.4890507991136213,
    "52": 1.4890507991136213,
    "59": 0.6703200460356393,
    "31": 2.0,
    "68": 2.0
  },
  "red_counts": {
    "23": 0.16529888822158653,
    "30": 0.20189651799465538,
    "12": 0.2465969639416065,
    "32": 0.30119421191220214,
    "15": 0.36787944117144233,
    "1": 0.44932896411722156,
    "34": 0.5488116360940264,
    "4": 0.6703200460356393,
    "24": 0.8187307530779818,
    "19": 2.0
  }
}