{
  "analyzed_at": "2025-11-09T10:29:36.083050",
  "last_n": 10,
  "weight_window": 5,
  "include_power_play": true,
  "white_counts": {
    "3": 2.133358170820723,
    "29": 2.5371512068100337,
    "42": 1.8340439708320484,
    "46": 0.49589666466475957,
    "59": 0.49589666466475957,
    "15": 1.006181459813715,
    "64": 2.9488858725058327,
    "66": 0.40379303598931077,
    "67": 0.40379303598931077,
    "7": 0.493193927883213,
    "30": 0.493193927883213,
    "50": 1.2289528102260976,
    "54": 0.493193927883213,
    "62": 1.8338340199544916,
    "14": 0.6023884238244043,
    "32": 0.6023884238244043,
    "49": 0.6023884238244043,
    "28": 2.3821937906249637,
    "37": 0.7357588823428847,
    "53": 6.280851718859407,
    "2": 0.8986579282344431,
    "24": 0.8986579282344431,
    "45": 0.8986579282344431,
    "26": 1.646434908282079,
    "41": 1.646434908282079,
    "11": 1.3406400920712787,
    "23": 4.340640092071279,
    "44": 1.3406400920712787,
    "61": 2.9781015982272425,
    "16": 1.6374615061559636,
    "69": 1.6374615061559636,
    "8": 3.0,
    "25": 3.0,
    "40": 3.0
  },
  "red_counts": {
    "15": 0.49589666466475957,
    "4": 0.40379303598931077,
    "20": 0.493193927883213,
    "1": 0.6023884238244043,
    "19": 0.7357588823428847,
    "5": 3.898657928234443,
    "9": 1.646434908282079,
    "17": 1.3406400920712787,
    "22": 1.6374615061559636
  }
}